,metric,score
0,ACC,0.8426663462198722
1,KS,0.6630098056453524
2,AUC,0.9208025181517215
3,F1,0.3255574361616013
