,metric,score
0,ACC,0.49979773032128944
1,KS,0.2418056475583838
2,AUC,0.6172393533773382
3,F1,0.12113276719913209
